Var_name	Question_Text	QNS	HIPAA	Data_Type	ProjectName	coded_value	option_list
Blinded_ID	Subject Identifier - BLINDED	1		Text	QIN_6664		
a0e9	ETHNIC CATEGORY	2		List	QIN_6664	1	Hispanic or Latino
a0e9	ETHNIC CATEGORY	2		List	QIN_6664	2	Not Hispanic or Latino
a0e9	ETHNIC CATEGORY	2		List	QIN_6664	9	Unknown
a0e11	GENDER	3		List	QIN_6664	1	Male
a0e11	GENDER	3		List	QIN_6664	2	Female
a0e12	COUNTRY OF RESIDENCE	4		List	QIN_6664	1	United States
a0e12	COUNTRY OF RESIDENCE	4		List	QIN_6664	2	Canada
a0e12	COUNTRY OF RESIDENCE	4		List	QIN_6664	3	Other
a0e12	COUNTRY OF RESIDENCE	4		List	QIN_6664	9	Unknown
a0e14	PATIENT'S INSURANCE STATUS	5		List	QIN_6664	0	Other
a0e14	PATIENT'S INSURANCE STATUS	5		List	QIN_6664	1	Private Insurance
a0e14	PATIENT'S INSURANCE STATUS	5		List	QIN_6664	2	Medicare
a0e14	PATIENT'S INSURANCE STATUS	5		List	QIN_6664	3	Medicare and Private Insurance
a0e14	PATIENT'S INSURANCE STATUS	5		List	QIN_6664	4	Medicaid
a0e14	PATIENT'S INSURANCE STATUS	5		List	QIN_6664	5	Medicaid and Medicare
a0e14	PATIENT'S INSURANCE STATUS	5		List	QIN_6664	6	Military or Veterans Administration
a0e14	PATIENT'S INSURANCE STATUS	5		List	QIN_6664	7	Self Pay
a0e14	PATIENT'S INSURANCE STATUS	5		List	QIN_6664	8	No means of payment
a0e14	PATIENT'S INSURANCE STATUS	5		List	QIN_6664	9	Unknown/Decline to answer
a0e15	WILL ANY OF THE PATIENT'S CARE BE  AT A VA OR MILITARY FACILITY?	6		List	QIN_6664	1	No
a0e15	WILL ANY OF THE PATIENT'S CARE BE  AT A VA OR MILITARY FACILITY?	6		List	QIN_6664	2	Yes
a0e15	WILL ANY OF THE PATIENT'S CARE BE  AT A VA OR MILITARY FACILITY?	6		List	QIN_6664	9	Unknown
a0e18	"OTHER COUNTRY, SPECIFY"	7		Text	QIN_6664		
a0e19	RACE:  AMERICAN INDIAN OR ALASKAN NATIVE	8		List	QIN_6664	1	No
a0e19	RACE:  AMERICAN INDIAN OR ALASKAN NATIVE	8		List	QIN_6664	2	Yes
a0e20	RACE:  ASIAN	9		List	QIN_6664	1	No
a0e20	RACE:  ASIAN	9		List	QIN_6664	2	Yes
a0e21	RACE:  BLACK OR AFRICAN AMERICAN	10		List	QIN_6664	1	No
a0e21	RACE:  BLACK OR AFRICAN AMERICAN	10		List	QIN_6664	2	Yes
a0e22	RACE:  NATIVE HAWAIIAN OR OTHER PACIFIC ISLANDER	11		List	QIN_6664	1	No
a0e22	RACE:  NATIVE HAWAIIAN OR OTHER PACIFIC ISLANDER	11		List	QIN_6664	2	Yes
a0e23	RACE:  WHITE	12		List	QIN_6664	1	No
a0e23	RACE:  WHITE	12		List	QIN_6664	2	Yes
a0e24	RACE:  UNKNOWN	13		List	QIN_6664	1	No
a0e24	RACE:  UNKNOWN	13		List	QIN_6664	2	Yes
z_zip	ZIP(3):	14	2	Text	QIN_6664		
i1e3	COLONOSCOPY EXAM - SCREENING NO SYMPTOMS	15		List	QIN_6664	1	No
i1e3	COLONOSCOPY EXAM - SCREENING NO SYMPTOMS	15		List	QIN_6664	2	Yes
i1e4	COLONOSCOPY EXAM - FOLLOW-UP TO TEST	16		List	QIN_6664	1	No
i1e4	COLONOSCOPY EXAM - FOLLOW-UP TO TEST	16		List	QIN_6664	2	Yes
i1e5	FOLLOW-UP TO TEST - FOBT	17		List	QIN_6664	1	No
i1e5	FOLLOW-UP TO TEST - FOBT	17		List	QIN_6664	2	Yes
i1e6	FOLLOW-UP TO TEST - BARIUM ENEMA	18		List	QIN_6664	1	No
i1e6	FOLLOW-UP TO TEST - BARIUM ENEMA	18		List	QIN_6664	2	Yes
i1e7	FOLLOW-UP TO TEST - PROCTOSIGMOIDOSCOPY	19		List	QIN_6664	1	No
i1e7	FOLLOW-UP TO TEST - PROCTOSIGMOIDOSCOPY	19		List	QIN_6664	2	Yes
i1e8	FOLLOW-UP TO TEST - COLONOSCOPY	20		List	QIN_6664	1	No
i1e8	FOLLOW-UP TO TEST - COLONOSCOPY	20		List	QIN_6664	2	Yes
i1e11	FOLLOW-UP TO TEST - IRRITABLE BOWEL SYNDROME	21		List	QIN_6664	1	No
i1e11	FOLLOW-UP TO TEST - IRRITABLE BOWEL SYNDROME	21		List	QIN_6664	2	Yes
i1e12	FAMILY HISTORY	22		List	QIN_6664	1	No
i1e12	FAMILY HISTORY	22		List	QIN_6664	2	Yes
i1e13	MOTHER - COLON CANCER	23		List	QIN_6664	1	No
i1e13	MOTHER - COLON CANCER	23		List	QIN_6664	2	Yes
i1e14	FATHER - COLON CANCER	24		List	QIN_6664	1	No
i1e14	FATHER - COLON CANCER	24		List	QIN_6664	2	Yes
i1e15	SISTER #1 - COLON CANCER	25		List	QIN_6664	1	No
i1e15	SISTER #1 - COLON CANCER	25		List	QIN_6664	2	Yes
i1e16	BROTHER #1 - COLON CANCER	26		List	QIN_6664	1	No
i1e16	BROTHER #1 - COLON CANCER	26		List	QIN_6664	2	Yes
i1e19	TYPE OF COLON PREP UTILIZIED	27		List	QIN_6664	1	Go-Lytely lavage preparation plus bisacodyl tablets
i1e19	TYPE OF COLON PREP UTILIZIED	27		List	QIN_6664	2	"Phosphosoda, plus bisacodyl tablets"
i1e19	TYPE OF COLON PREP UTILIZIED	27		List	QIN_6664	3	"Magnesium citrate, plus bisacodyl tablets"
i1e19	TYPE OF COLON PREP UTILIZIED	27		List	QIN_6664	8	"Other, specify"
i1e20	TYPE OF COLON PREP UTILIZIED - OTHER SPECIFY	28		Text	QIN_6664		
i1e21	CATHARTIC LAXATIVE TAKEN AS DIRECTED	29		List	QIN_6664	1	No
i1e21	CATHARTIC LAXATIVE TAKEN AS DIRECTED	29		List	QIN_6664	2	Yes
i1e22	PROVIDE PERCENT CONSUMED	30		Num	QIN_6664		
i1e23	BISACODYL TABLETS TAKEN	31		List	QIN_6664	1	No
i1e23	BISACODYL TABLETS TAKEN	31		List	QIN_6664	2	Yes
i1e24	NUMBER OF BISACODYL TABLETS TAKEN	32		Num	QIN_6664		
i1e25	BARIUM SULFATE TAKEN AS DIRECTED	33		List	QIN_6664	1	No
i1e25	BARIUM SULFATE TAKEN AS DIRECTED	33		List	QIN_6664	2	Yes
i1e26	ESTIMATE PERCENTAGE OF BARIUM SULFATE  CONSUMED	34		Num	QIN_6664		
i1e27	WHEN WAS BARIUM SULFATE  CONSUMED - BREAKFAST	35		List	QIN_6664	1	No
i1e27	WHEN WAS BARIUM SULFATE  CONSUMED - BREAKFAST	35		List	QIN_6664	2	Yes
i1e28	WHEN WAS BARIUM SULFATE  CONSUMED - LUNCH	36		List	QIN_6664	1	No
i1e28	WHEN WAS BARIUM SULFATE  CONSUMED - LUNCH	36		List	QIN_6664	2	Yes
i1e29	WHEN WAS BARIUM SULFATE  CONSUMED - DINNER	37		List	QIN_6664	1	No
i1e29	WHEN WAS BARIUM SULFATE  CONSUMED - DINNER	37		List	QIN_6664	2	Yes
i1e30	IODINATED ORAL CONTRAST TAKEN AS DIRECTED	38		List	QIN_6664	1	No
i1e30	IODINATED ORAL CONTRAST TAKEN AS DIRECTED	38		List	QIN_6664	2	Yes
i1e31	ESTIMATE PERCENTAGE OF IODINATED ORAL CONTRAST CONSUMED	39		Num	QIN_6664		
i1e32	IODINATED ORAL CONTRAST CONSUMED - BED TIME	40		List	QIN_6664	1	No
i1e32	IODINATED ORAL CONTRAST CONSUMED - BED TIME	40		List	QIN_6664	2	Yes
i1e33	IODINATED ORAL CONTRAST CONSUMED - MORNING OF EXAM	41		List	QIN_6664	1	No
i1e33	IODINATED ORAL CONTRAST CONSUMED - MORNING OF EXAM	41		List	QIN_6664	2	Yes
i1e34	OTHER KNOWN MEDICAL CONDITIONS	42		List	QIN_6664	1	No
i1e34	OTHER KNOWN MEDICAL CONDITIONS	42		List	QIN_6664	2	Yes
i1e34	OTHER KNOWN MEDICAL CONDITIONS	42		List	QIN_6664	99	Unknown
i1e35	MEDICAL HISTORY EVENTS - LUNG CANCER OR NODULE	43		List	QIN_6664	1	No
i1e35	MEDICAL HISTORY EVENTS - LUNG CANCER OR NODULE	43		List	QIN_6664	2	Yes
i1e36	MEDICAL HISTORY EVENTS - KIDNEY CANCER OR CYST	44		List	QIN_6664	1	No
i1e36	MEDICAL HISTORY EVENTS - KIDNEY CANCER OR CYST	44		List	QIN_6664	2	Yes
i1e37	MEDICAL HISTORY EVENTS - KIDNEY STONES	45		List	QIN_6664	1	No
i1e37	MEDICAL HISTORY EVENTS - KIDNEY STONES	45		List	QIN_6664	2	Yes
i1e38	MEDICAL HISTORY EVENTS - ABDOMINAL AORTIC ANEURYSM	46		List	QIN_6664	1	No
i1e38	MEDICAL HISTORY EVENTS - ABDOMINAL AORTIC ANEURYSM	46		List	QIN_6664	2	Yes
i1e39	MEDICAL HISTORY EVENTS - LIVER DISEASE/CIRRHOSIS	47		List	QIN_6664	1	No
i1e39	MEDICAL HISTORY EVENTS - LIVER DISEASE/CIRRHOSIS	47		List	QIN_6664	2	Yes
i1e40	MEDICAL HISTORY EVENTS - HERNIA	48		List	QIN_6664	1	No
i1e40	MEDICAL HISTORY EVENTS - HERNIA	48		List	QIN_6664	2	Yes
i1e41	MEDICAL HISTORY EVENTS - GALLBLADDER DISEASE	49		List	QIN_6664	1	No
i1e41	MEDICAL HISTORY EVENTS - GALLBLADDER DISEASE	49		List	QIN_6664	2	Yes
i1e42	MEDICAL HISTORY EVENTS - CYST OR CANCER OF OVARY	50		List	QIN_6664	1	No
i1e42	MEDICAL HISTORY EVENTS - CYST OR CANCER OF OVARY	50		List	QIN_6664	2	Yes
